{
  "description": "Pipeline for parsing system authorisation/secure logs",
  "processors": [
    {
      "grok": {
        "field": "message",
        "ignore_missing": true,
        "pattern_definitions" : {
          "GREEDYMULTILINE" : "(.|\n)*"
        },
        "patterns": [
          "%{SYSLOGTIMESTAMP:system.auth.timestamp} %{SYSLOGHOST:system.auth.hostname} sshd(?:\\[%{POSINT:system.auth.pid}\\])?: %{DATA:system.auth.ssh.event} %{DATA:system.auth.ssh.method} for (invalid user )?%{DATA:system.auth.user} from %{IPORHOST:system.auth.ssh.ip} port %{NUMBER:system.auth.ssh.port} ssh2(: %{GREEDYDATA:system.auth.ssh.signature})?",
          "%{SYSLOGTIMESTAMP:system.auth.timestamp} %{SYSLOGHOST:system.auth.hostname} sshd(?:\\[%{POSINT:system.auth.pid}\\])?: %{DATA:system.auth.ssh.event} user %{DATA:system.auth.user} from %{IPORHOST:system.auth.ssh.ip}",
          "%{SYSLOGTIMESTAMP:system.auth.timestamp} %{SYSLOGHOST:system.auth.hostname} sshd(?:\\[%{POSINT:system.auth.pid}\\])?: Did not receive identification string from %{IPORHOST:system.auth.ssh.dropped_ip}",
          "%{SYSLOGTIMESTAMP:system.auth.timestamp} %{SYSLOGHOST:system.auth.hostname} sudo(?:\\[%{POSINT:system.auth.pid}\\])?: \\s*%{DATA:system.auth.user} :( %{DATA:system.auth.sudo.error} ;)? TTY=%{DATA:system.auth.sudo.tty} ; PWD=%{DATA:system.auth.sudo.pwd} ; USER=%{DATA:system.auth.sudo.user} ; COMMAND=%{GREEDYDATA:system.auth.sudo.command}",
          "%{SYSLOGTIMESTAMP:system.auth.timestamp} %{SYSLOGHOST:system.auth.hostname} groupadd(?:\\[%{POSINT:system.auth.pid}\\])?: new group: name=%{DATA:system.auth.groupadd.name}, GID=%{NUMBER:system.auth.groupadd.gid}",
          "%{SYSLOGTIMESTAMP:system.auth.timestamp} %{SYSLOGHOST:system.auth.hostname} useradd(?:\\[%{POSINT:system.auth.pid}\\])?: new user: name=%{DATA:system.auth.useradd.name}, UID=%{NUMBER:system.auth.useradd.uid}, GID=%{NUMBER:system.auth.useradd.gid}, home=%{DATA:system.auth.useradd.home}, shell=%{DATA:system.auth.useradd.shell}$",
					"%{SYSLOGTIMESTAMP:system.auth.timestamp} %{SYSLOGHOST:system.auth.hostname} %{DATA:system.auth.program}(?:\\[%{POSINT:system.auth.pid}\\])?: %{GREEDYMULTILINE:system.auth.message}"
        ]
      }
    },
		{
      "remove": {
        "field": "message"
      }
    },
		{
      "date": {
        "field": "system.auth.timestamp",
        "target_field": "@timestamp",
        "formats": [
					"MMM  d HH:mm:ss",
					"MMM dd HH:mm:ss"
        ],
        "ignore_failure": true
      }
    },
    {
      "geoip": {
        "field": "system.auth.ssh.ip",
        "target_field": "system.auth.ssh.geoip",
        "ignore_failure": true
      }
    }
  ],
  "on_failure" : [{
    "set" : {
      "field" : "error",
      "value" : "{{ _ingest.on_failure_message }}"
    }
  }]
}
